<edmx:Edmx xmlns:edmx="http://docs.oasis-open.org/odata/ns/edmx" Version="4.0">
	<edmx:Reference Uri="http://docs.oasis-open.org/odata/odata-data-aggregation-ext/v4.0/cs02/vocabularies/Org.OData.Aggregation.V1.xml">
		<edmx:Include Alias="Aggregation" Namespace="Org.OData.Aggregation.V1"/>
	</edmx:Reference>
	<edmx:Reference Uri="http://docs.oasis-open.org/odata/odata/v4.0/errata03/os/complete/vocabularies/Org.OData.Capabilities.V1.xml">
		<edmx:Include Alias="Capabilities" Namespace="Org.OData.Capabilities.V1"/>
	</edmx:Reference>
	<edmx:Reference Uri="https://wiki.scn.sap.com/wiki/download/attachments/448470974/Common.xml?api=v2">
		<edmx:Include Alias="Common" Namespace="com.sap.vocabularies.Common.v1"/>
	</edmx:Reference>
	<edmx:Reference Uri="https://wiki.scn.sap.com/wiki/download/attachments/448470971/Communication.xml?api=v2">
		<edmx:Include Alias="vCard" Namespace="com.sap.vocabularies.Communication.v1"/>
	</edmx:Reference>
	<edmx:Reference Uri="http://docs.oasis-open.org/odata/odata/v4.0/errata03/os/complete/vocabularies/Org.OData.Core.V1.xml">
		<edmx:Include Alias="Core" Namespace="Org.OData.Core.V1"/>
	</edmx:Reference>
	<edmx:Reference Uri="http://docs.oasis-open.org/odata/odata/v4.0/errata03/os/complete/vocabularies/Org.OData.Measures.V1.xml">
		<edmx:Include Alias="CQP" Namespace="Org.OData.Measures.V1"/>
	</edmx:Reference>
	<edmx:Reference Uri="https://wiki.scn.sap.com/wiki/download/attachments/448470968/UI.xml?api=v2">
		<edmx:Include Alias="UI" Namespace="com.sap.vocabularies.UI.v1"/>
	</edmx:Reference>
	<edmx:DataServices>
		<Schema xmlns="http://docs.oasis-open.org/odata/ns/edm">
			<Annotations Target="jetCloud.apps.zjblessons.jblesson02.v01.01.zjblessons_base_GroupsType">
				<Annotation Term="UI.LineItem">
					<Collection>
						<Record Type="UI.DataField">
							<PropertyValue Property="Value" Path="GroupText"/>
							<PropertyValue Property="Label" String="{@i18n&gt;labelGroupText}"/>
						</Record>
						<Record Type="UI.DataField">
							<PropertyValue Property="Value" Path="Created"/>
							<PropertyValue Property="Label" String="{@i18n&gt;labelCreated}"/>
						</Record>
						<Record Type="UI.DataField">
							<PropertyValue Property="Value" Path="GroupID"/>
							<PropertyValue Property="Label" String="{@i18n&gt;labelGroupID}"/>
						</Record>
					</Collection>
				</Annotation>
				<Annotation Term="UI.PresentationVariant">
					<Record Type="UI.PresentationVariantType">
						<PropertyValue Property="SortOrder"/>
						<PropertyValue Property="GroupBy"/>
						<PropertyValue Property="TotalBy"/>
						<PropertyValue Property="Total"/>
						<PropertyValue Property="Visualizations"/>
						<PropertyValue Property="RequestAtLeast">
							<Collection/>
						</PropertyValue>
					</Record>
				</Annotation>
				<Annotation Term="UI.SelectionFields">
					<Collection>
						<PropertyPath>GroupText</PropertyPath>
						<PropertyPath>Created</PropertyPath>
					</Collection>
				</Annotation>
			</Annotations>
			<Annotations Target="jetCloud.apps.zjblessons.jblesson02.v01.01.zjblessons_base_GroupsType/Created">
				<Annotation Term="Common.ValueListWithFixedValues"/>
			</Annotations>
			<Annotations Target="jetCloud.apps.zjblessons.jblesson02.v01.01.zjblessons_base_PlantsType">
				<Annotation Term="UI.SelectionFields">
					<Collection>
						<PropertyPath>PlantText</PropertyPath>
						<PropertyPath>Created</PropertyPath>
					</Collection>
				</Annotation>
				<Annotation Term="UI.LineItem">
					<Collection>
						<Record Type="UI.DataField">
							<PropertyValue Property="Value" Path="PlantText"/>
							<PropertyValue Property="Label" String="{@i18n&gt;labelPlanText}"/>
						</Record>
						<Record Type="UI.DataField">
							<PropertyValue Property="Value" Path="CreatedByFullName"/>
							<PropertyValue Property="Label" String="{@i18n&gt;labelCreatedByFullName}"/>
						</Record>
						<Record Type="UI.DataField">
							<PropertyValue Property="Value" Path="Created"/>
							<PropertyValue Property="Label" String="{@i18n&gt;labelCreated}"/>
						</Record>
					</Collection>
				</Annotation>
			</Annotations>
			<Annotations Target="jetCloud.apps.zjblessons.jblesson02.v01.01.zjblessons_base_RegionsType">
				<Annotation Term="UI.LineItem">
					<Collection>
						<Record Type="UI.DataField">
							<PropertyValue Property="Value" Path="RegionText"/>
							<PropertyValue Property="Label" String="{@i18n&gt;labelRegionText}"/>
						</Record>
						<Record Type="UI.DataField">
							<PropertyValue Property="Value" Path="CreatedByFullName"/>
							<PropertyValue Property="Label" String="{@i18n&gt;labelCreatedByFullName}"/>
						</Record>
						<Record Type="UI.DataField">
							<PropertyValue Property="Value" Path="ModifiedBy"/>
							<PropertyValue Property="Label" String="{@i18n&gt;labelModifiedBy}"/>
						</Record>
					</Collection>
				</Annotation>
				<Annotation Term="UI.SelectionFields">
					<Collection>
						<PropertyPath>RegionText</PropertyPath>
						<PropertyPath>ModifiedBy</PropertyPath>
						<PropertyPath>CreatedByFullName</PropertyPath>
					</Collection>
				</Annotation>
			</Annotations>
			<Annotations Target="jetCloud.apps.zjblessons.jblesson02.v01.01.zjblessons_base_SubGroupsType">
				<Annotation Term="UI.SelectionFields">
					<Collection>
						<PropertyPath>ModifiedByFullName</PropertyPath>
						<PropertyPath>SubGroupText</PropertyPath>
					</Collection>
				</Annotation>
				<Annotation Term="UI.LineItem">
					<Collection>
						<Record Type="UI.DataField">
							<PropertyValue Property="Value" Path="SubGroupText"/>
							<PropertyValue Property="Label" String="{@i18n&gt;tSubGroups}"/>
						</Record>
						<Record Type="UI.DataField">
							<PropertyValue Property="Value" Path="CreatedBy"/>
							<PropertyValue Property="Label" String="{@i18n&gt;labelCreatedBy}"/>
						</Record>
						<Record Type="UI.DataField">
							<PropertyValue Property="Value" Path="ModifiedByFullName"/>
							<PropertyValue Property="Label" String="{@i18n&gt;labelModifiedByFullName}"/>
						</Record>
					</Collection>
				</Annotation>
			</Annotations>
			<Annotations Target="jetCloud.apps.zjblessons.jblesson02.v01.01.zjblessons_base_SubGroupsType/ModifiedByFullName">
				<Annotation Term="Common.Label" String="{@i18n&gt;labelModifiedByFullName}"/>
			</Annotations>
		</Schema>
	</edmx:DataServices>
</edmx:Edmx>