<core:FragmentDefinition xmlns="sap.m" xmlns:core="sap.ui.core" xmlns:f="sap.ui.layout.form" xmlns:l ="sap.ui.layout"
	xmlns:smartForm ="sap.ui.comp.smartform" xmlns:smartField="sap.ui.comp.smartfield" controllerName="Courses.MasterDetailApp.controller.Detail"  >
	<Dialog id="generateAnnotations" title="{@i18n>SubGroup}"  contentWidth= "400px" contentHeight= "120px">
				<beginButton>
			<Button text="{@i18n>btnOK}" press="onPressOKCreate"/>
		</beginButton>
		<endButton>
			<Button text="{@i18n>btnCancel}" press="onPressCancel"/>
		</endButton>
		<content> 
		<smartForm:SmartForm editable="true">
				<smartForm:Group>
					<smartForm:GroupElement>
						<smartField:SmartField value="{GroupText}"/>
					</smartForm:GroupElement>
				</smartForm:Group>
			</smartForm:SmartForm>
			<!--<Input id="productInput" placeholder="SubGroupText" />-->
				</content>
	</Dialog>
</core:FragmentDefinition>