<core:FragmentDefinition xmlns="sap.m" xmlns:core="sap.ui.core" xmlns:f="sap.ui.layout.form" xmlns:l ="sap.ui.layout"
	xmlns:smartForm ="sap.ui.comp.smartform" xmlns:smartField="sap.ui.comp.smartfield" controllerName="Courses.MasterDetailApp.controller.Detail"  >
	<Dialog id="generateAnnotations" title="{@i18n>Region}"  contentWidth= "400px" contentHeight= "120px">
				<beginButton>
			<Button text="{@i18n>btnOK}" press="onPressOKCreate"/>
		</beginButton>
		<endButton>
			<Button text="{@i18n>btnCancel}" press="onPressCancel"/>
		</endButton>
		<content> 
			<Input id="productInput" placeholder="RegionText" />
				</content>
	</Dialog>
</core:FragmentDefinition>